,elevation,latitude,longitude,speedD,speedE,speedN,run,tf_id,discipline_from_name,timestamp
0,3489.67,39.4829276,-106.1487421,2.867,2.479,8.867,1,109206,SG,20241130T201817100000
1,3489.247,39.4829355,-106.1487391,3.037,2.553,8.701,1,109206,SG,20241130T201817200000
2,3488.934,39.482944,-106.148737,3.009,1.798,9.251,1,109206,SG,20241130T201817300000
3,3488.808,39.4829539,-106.1487347,2.668,1.758,10.637,1,109206,SG,20241130T201817400000
4,3488.639,39.4829629,-106.1487325,2.457,1.825,9.976,1,109206,SG,20241130T201817500000
5,3488.379,39.4829724,-106.1487303,2.456,1.782,10.451,1,109206,SG,20241130T201817600000
6,3487.991,39.4829822,-106.1487278,2.652,2.139,10.616,1,109206,SG,20241130T201817700000
7,3487.639,39.4829915,-106.1487251,2.76,2.232,10.314,1,109206,SG,20241130T201817800000
8,3487.28,39.4830011,-106.1487218,2.858,2.698,10.496,1,109206,SG,20241130T201817900000
9,3487.149,39.4830111,-106.1487174,2.555,3.527,10.885,1,109206,SG,20241130T201818000000
10,3487.097,39.483021,-106.1487138,2.173,3.06,10.972,1,109206,SG,20241130T201818100000
11,3486.889,39.4830311,-106.1487103,2.11,3.025,11.086,1,109206,SG,20241130T201818200000
12,3486.559,39.4830418,-106.1487066,2.281,3.066,11.679,1,109206,SG,20241130T201818300000
13,3486.208,39.4830523,-106.1487034,2.459,2.791,11.478,1,109206,SG,20241130T201818400000
14,3485.782,39.4830629,-106.1487,2.74,2.747,11.626,1,109206,SG,20241130T201818500000
15,3485.504,39.4830733,-106.1486977,2.702,2.046,11.539,1,109206,SG,20241130T201818600000
16,3485.369,39.4830852,-106.1486952,2.424,2.026,12.748,1,109206,SG,20241130T201818700000
17,3485.154,39.4830965,-106.1486929,2.335,1.899,12.576,1,109206,SG,20241130T201818800000
18,3484.884,39.4831076,-106.1486905,2.38,2.033,12.275,1,109206,SG,20241130T201818900000
19,3484.582,39.4831185,-106.1486879,2.478,2.095,12.142,1,109206,SG,20241130T201819000000
20,3484.286,39.4831294,-106.1486851,2.529,2.373,12.062,1,109206,SG,20241130T201819100000
21,3484.111,39.4831407,-106.148681,2.369,3.404,12.401,1,109206,SG,20241130T201819200000
22,3483.967,39.4831523,-106.1486773,2.2,3.159,12.817,1,109206,SG,20241130T201819300000
23,3483.785,39.4831641,-106.1486733,2.127,3.317,13.088,1,109206,SG,20241130T201819400000
24,3483.481,39.4831761,-106.1486697,2.261,3.086,13.186,1,109206,SG,20241130T201819500000
25,3483.123,39.4831884,-106.1486665,2.456,2.741,13.48,1,109206,SG,20241130T201819600000
26,3482.809,39.4832003,-106.1486627,2.55,3.137,13.178,1,109206,SG,20241130T201819700000
27,3482.574,39.4832122,-106.1486605,2.482,1.94,13.187,1,109206,SG,20241130T201819800000
28,3482.523,39.4832246,-106.148658,2.105,2.035,13.721,1,109206,SG,20241130T201819900000
29,3482.457,39.4832369,-106.1486553,1.845,2.194,13.681,1,109206,SG,20241130T201820000000
30,3482.325,39.483249,-106.1486524,1.732,2.377,13.427,1,109206,SG,20241130T201820100000
31,3482.095,39.4832612,-106.1486496,1.807,2.394,13.532,1,109206,SG,20241130T201820200000
32,3481.804,39.4832734,-106.1486469,1.995,2.301,13.47,1,109206,SG,20241130T201820300000
33,3481.575,39.4832854,-106.1486432,2.046,2.993,13.34,1,109206,SG,20241130T201820400000
34,3481.489,39.483298,-106.1486379,1.817,4.266,13.854,1,109206,SG,20241130T201820500000
35,3481.366,39.4833103,-106.1486334,1.709,3.897,13.714,1,109206,SG,20241130T201820600000
36,3481.275,39.4833226,-106.1486285,1.569,4.174,13.713,1,109206,SG,20241130T201820700000
37,3481.147,39.4833349,-106.1486239,1.511,3.965,13.697,1,109206,SG,20241130T201820800000
38,3480.998,39.4833472,-106.1486198,1.495,3.617,13.737,1,109206,SG,20241130T201820900000
39,3480.83,39.4833598,-106.1486161,1.513,3.331,13.898,1,109206,SG,20241130T201821000000
40,3480.609,39.4833722,-106.148612,1.608,3.442,13.776,1,109206,SG,20241130T201821100000
41,3480.437,39.4833841,-106.1486073,1.62,3.804,13.331,1,109206,SG,20241130T201821200000
42,3480.392,39.4833965,-106.1486012,1.447,4.825,13.782,1,109206,SG,20241130T201821300000
43,3480.327,39.4834083,-106.148596,1.335,4.5,13.385,1,109206,SG,20241130T201821400000
44,3480.253,39.4834208,-106.1485906,1.243,4.562,13.75,1,109206,SG,20241130T201821500000
45,3480.104,39.4834328,-106.148585,1.267,4.69,13.465,1,109206,SG,20241130T201821600000
46,3479.882,39.4834449,-106.1485799,1.388,4.446,13.37,1,109206,SG,20241130T201821700000
47,3479.715,39.4834568,-106.1485757,1.422,3.729,13.242,1,109206,SG,20241130T201821800000
48,3479.664,39.4834694,-106.1485719,1.301,3.367,13.842,1,109206,SG,20241130T201821900000
49,3479.642,39.4834821,-106.1485683,1.16,3.169,14.08,1,109206,SG,20241130T201822000000
50,3479.54,39.483495,-106.1485649,1.135,2.959,14.241,1,109206,SG,20241130T201822100000
51,3479.311,39.4835073,-106.148561,1.271,3.18,13.735,1,109206,SG,20241130T201822200000
52,3479.075,39.4835199,-106.1485574,1.404,3.05,13.828,1,109206,SG,20241130T201822300000
53,3478.772,39.4835322,-106.1485533,1.603,3.304,13.642,1,109206,SG,20241130T201822400000
54,3478.602,39.4835444,-106.1485477,1.607,4.459,13.555,1,109206,SG,20241130T201822500000
55,3478.522,39.4835569,-106.1485423,1.509,4.561,13.794,1,109206,SG,20241130T201822600000
56,3478.387,39.4835694,-106.1485369,1.487,4.556,13.861,1,109206,SG,20241130T201822700000
57,3478.156,39.483582,-106.1485315,1.584,4.568,13.976,1,109206,SG,20241130T201822800000
58,3477.82,39.4835943,-106.1485267,1.797,4.174,13.721,1,109206,SG,20241130T201822900000
59,3477.322,39.483607,-106.1485214,2.184,4.288,13.983,1,109206,SG,20241130T201823000000
60,3476.881,39.4836195,-106.1485169,2.451,3.832,13.877,1,109206,SG,20241130T201823100000
61,3476.534,39.4836324,-106.1485136,2.581,2.865,14.154,1,109206,SG,20241130T201823200000
62,3476.3,39.4836465,-106.1485103,2.546,2.82,15.329,1,109206,SG,20241130T201823300000
63,3476.012,39.48366,-106.1485068,2.586,2.931,15.037,1,109206,SG,20241130T201823400000
64,3475.682,39.4836734,-106.1485037,2.673,2.705,14.924,1,109206,SG,20241130T201823500000
65,3475.357,39.4836868,-106.1485002,2.747,2.892,14.894,1,109206,SG,20241130T201823600000
66,3475.042,39.4837003,-106.1484969,2.792,2.856,14.975,1,109206,SG,20241130T201823700000
67,3474.661,39.4837141,-106.1484939,2.93,2.531,15.228,1,109206,SG,20241130T201823800000
68,3474.259,39.483728,-106.1484912,3.072,2.307,15.308,1,109206,SG,20241130T201823900000
69,3473.876,39.4837422,-106.1484893,3.17,1.735,15.662,1,109206,SG,20241130T201824000000
70,3473.495,39.4837565,-106.1484879,3.253,1.252,15.807,1,109206,SG,20241130T201824100000
71,3473.124,39.4837709,-106.1484869,3.314,0.886,15.941,1,109206,SG,20241130T201824200000
72,3472.762,39.4837853,-106.1484861,3.355,0.649,16.035,1,109206,SG,20241130T201824300000
73,3472.392,39.4837999,-106.1484857,3.405,0.334,16.151,1,109206,SG,20241130T201824400000
74,3472.005,39.4838147,-106.1484859,3.469,-0.049,16.365,1,109206,SG,20241130T201824500000
75,3471.627,39.4838295,-106.1484862,3.508,-0.271,16.436,1,109206,SG,20241130T201824600000
76,3471.231,39.4838446,-106.1484868,3.562,-0.496,16.636,1,109206,SG,20241130T201824700000
77,3470.844,39.4838596,-106.1484873,3.598,-0.468,16.691,1,109206,SG,20241130T201824800000
78,3470.425,39.4838749,-106.1484882,3.676,-0.809,16.902,1,109206,SG,20241130T201824900000
79,3470.03,39.4838902,-106.1484893,3.718,-0.976,17.014,1,109206,SG,20241130T201825000000
80,3469.647,39.4839057,-106.1484903,3.728,-0.909,17.16,1,109206,SG,20241130T201825100000
81,3469.232,39.4839211,-106.1484916,3.778,-1.048,17.132,1,109206,SG,20241130T201825200000
82,3468.779,39.4839367,-106.1484928,3.873,-1.118,17.253,1,109206,SG,20241130T201825300000
83,3468.312,39.4839524,-106.1484942,3.967,-1.171,17.4,1,109206,SG,20241130T201825400000
84,3467.849,39.483968,-106.1484953,4.047,-1.03,17.372,1,109206,SG,20241130T201825500000
85,3467.288,39.483984,-106.1484966,4.236,-1.12,17.635,1,109206,SG,20241130T201825600000
86,3466.725,39.484,-106.1484977,4.398,-1.023,17.652,1,109206,SG,20241130T201825700000
87,3466.158,39.484016,-106.1484988,4.549,-0.983,17.71,1,109206,SG,20241130T201825800000
88,3465.592,39.4840321,-106.1484997,4.676,-0.886,17.827,1,109206,SG,20241130T201825900000
89,3465.001,39.4840485,-106.1485006,4.818,-0.813,18.08,1,109206,SG,20241130T201826000000
90,3464.362,39.4840653,-106.1485016,5,-0.858,18.397,1,109206,SG,20241130T201826100000
91,3463.76,39.484082,-106.1485025,5.121,-0.821,18.502,1,109206,SG,20241130T201826200000
92,3463.16,39.484099,-106.148503,5.227,-0.602,18.768,1,109206,SG,20241130T201826300000
93,3462.531,39.4841164,-106.1485037,5.349,-0.612,19.109,1,109206,SG,20241130T201826400000
94,3461.942,39.4841339,-106.148504,5.411,-0.342,19.339,1,109206,SG,20241130T201826500000
95,3461.37,39.4841516,-106.1485039,5.446,-0.105,19.569,1,109206,SG,20241130T201826600000
96,3460.791,39.4841696,-106.1485033,5.482,0.328,19.82,1,109206,SG,20241130T201826700000
97,3460.24,39.4841877,-106.1485023,5.476,0.689,20.017,1,109206,SG,20241130T201826800000
98,3459.726,39.4842059,-106.1485008,5.429,1.125,20.171,1,109206,SG,20241130T201826900000
99,3459.289,39.4842242,-106.1484982,5.295,1.915,20.388,1,109206,SG,20241130T201827000000
100,3458.819,39.4842426,-106.1484952,5.214,2.435,20.454,1,109206,SG,20241130T201827100000
101,3458.427,39.484261,-106.1484912,5.053,3.13,20.46,1,109206,SG,20241130T201827200000
102,3458.018,39.4842793,-106.1484861,4.926,4.044,20.372,1,109206,SG,20241130T201827300000
103,3457.61,39.4842974,-106.1484803,4.819,4.667,20.272,1,109206,SG,20241130T201827400000
104,3457.24,39.4843155,-106.1484735,4.674,5.423,20.218,1,109206,SG,20241130T201827500000
105,3456.883,39.4843334,-106.1484659,4.534,6.169,20.021,1,109206,SG,20241130T201827600000
106,3456.485,39.4843511,-106.1484577,4.458,6.674,19.84,1,109206,SG,20241130T201827700000
107,3456.139,39.4843687,-106.1484489,4.336,7.209,19.664,1,109206,SG,20241130T201827800000
108,3455.792,39.4843861,-106.1484391,4.232,7.933,19.508,1,109206,SG,20241130T201827900000
109,3455.424,39.4844036,-106.1484294,4.166,8.133,19.449,1,109206,SG,20241130T201828000000
110,3455.101,39.4844207,-106.1484193,4.054,8.404,19.222,1,109206,SG,20241130T201828100000
111,3454.712,39.4844383,-106.1484094,4.025,8.421,19.421,1,109206,SG,20241130T201828200000
112,3454.348,39.4844557,-106.1483995,3.974,8.467,19.331,1,109206,SG,20241130T201828300000
113,3454.024,39.484473,-106.1483896,3.877,8.346,19.278,1,109206,SG,20241130T201828400000
114,3453.62,39.4844905,-106.1483803,3.885,8.115,19.38,1,109206,SG,20241130T201828500000
115,3453.222,39.4845083,-106.1483712,3.894,7.849,19.587,1,109206,SG,20241130T201828600000
116,3452.857,39.4845259,-106.1483624,3.864,7.607,19.53,1,109206,SG,20241130T201828700000
117,3452.434,39.4845439,-106.1483543,3.903,7.128,19.866,1,109206,SG,20241130T201828800000
118,3452.014,39.4845621,-106.1483467,3.935,6.651,20.15,1,109206,SG,20241130T201828900000
119,3451.69,39.4845805,-106.1483399,3.858,5.967,20.328,1,109206,SG,20241130T201829000000
120,3451.298,39.4845989,-106.1483336,3.862,5.491,20.409,1,109206,SG,20241130T201829100000
121,3450.891,39.4846177,-106.1483284,3.883,4.694,20.652,1,109206,SG,20241130T201829200000
122,3450.519,39.4846364,-106.1483236,3.863,4.24,20.718,1,109206,SG,20241130T201829300000
123,3450.116,39.4846553,-106.1483198,3.881,3.47,20.909,1,109206,SG,20241130T201829400000
124,3449.744,39.4846742,-106.1483167,3.858,2.829,20.989,1,109206,SG,20241130T201829500000
125,3449.324,39.4846934,-106.1483146,3.899,2.028,21.232,1,109206,SG,20241130T201829600000
126,3448.966,39.4847126,-106.1483135,3.854,1.219,21.314,1,109206,SG,20241130T201829700000
127,3448.614,39.4847318,-106.1483129,3.807,0.658,21.288,1,109206,SG,20241130T201829800000
128,3448.274,39.4847511,-106.1483131,3.754,0.001,21.351,1,109206,SG,20241130T201829900000
129,3447.922,39.4847703,-106.1483142,3.725,-0.695,21.322,1,109206,SG,20241130T201830000000
130,3447.603,39.4847897,-106.1483157,3.655,-1.189,21.434,1,109206,SG,20241130T201830100000
131,3447.223,39.484809,-106.1483173,3.665,-1.359,21.48,1,109206,SG,20241130T201830200000
132,3446.823,39.4848283,-106.1483191,3.697,-1.545,21.389,1,109206,SG,20241130T201830300000
133,3446.454,39.4848477,-106.1483212,3.69,-1.79,21.509,1,109206,SG,20241130T201830400000
134,3446.063,39.484867,-106.1483233,3.712,-1.851,21.463,1,109206,SG,20241130T201830500000
135,3445.619,39.4848864,-106.1483255,3.788,-1.928,21.509,1,109206,SG,20241130T201830600000
136,3445.175,39.4849058,-106.1483277,3.86,-1.936,21.614,1,109206,SG,20241130T201830700000
137,3444.707,39.4849254,-106.1483299,3.952,-1.95,21.738,1,109206,SG,20241130T201830800000
138,3444.168,39.4849449,-106.1483318,4.117,-1.817,21.693,1,109206,SG,20241130T201830900000
139,3443.61,39.4849645,-106.1483336,4.281,-1.671,21.824,1,109206,SG,20241130T201831000000
140,3443.057,39.4849841,-106.1483349,4.421,-1.332,21.896,1,109206,SG,20241130T201831100000
141,3442.489,39.4850038,-106.1483361,4.566,-1.194,21.931,1,109206,SG,20241130T201831200000
142,3441.913,39.4850236,-106.1483368,4.705,-0.72,22.03,1,109206,SG,20241130T201831300000
143,3441.369,39.4850435,-106.1483364,4.778,0.042,22.117,1,109206,SG,20241130T201831400000
144,3440.865,39.4850634,-106.1483351,4.788,0.931,22.099,1,109206,SG,20241130T201831500000
145,3440.371,39.4850832,-106.1483327,4.799,1.772,22.053,1,109206,SG,20241130T201831600000
146,3439.916,39.485103,-106.148329,4.749,2.862,22.041,1,109206,SG,20241130T201831700000
147,3439.445,39.4851226,-106.1483235,4.704,4.262,21.881,1,109206,SG,20241130T201831800000
148,3439.023,39.4851419,-106.1483165,4.615,5.583,21.585,1,109206,SG,20241130T201831900000
149,3438.567,39.485161,-106.1483087,4.592,6.467,21.325,1,109206,SG,20241130T201832000000
150,3438.14,39.4851796,-106.1482991,4.517,7.855,20.789,1,109206,SG,20241130T201832100000
151,3437.762,39.4851975,-106.1482875,4.385,9.49,20.173,1,109206,SG,20241130T201832200000
152,3437.319,39.4852151,-106.1482747,4.363,10.679,19.742,1,109206,SG,20241130T201832300000
153,3436.882,39.4852324,-106.1482613,4.348,11.295,19.315,1,109206,SG,20241130T201832400000
154,3436.459,39.4852491,-106.1482472,4.315,11.908,18.82,1,109206,SG,20241130T201832500000
155,3435.918,39.4852659,-106.1482321,4.457,12.758,18.716,1,109206,SG,20241130T201832600000
156,3435.371,39.4852825,-106.1482172,4.592,12.808,18.569,1,109206,SG,20241130T201832700000
157,3434.746,39.4852987,-106.1482019,4.816,13.116,18.178,1,109206,SG,20241130T201832800000
158,3434.068,39.485315,-106.1481864,5.087,13.382,18.258,1,109206,SG,20241130T201832900000
159,3433.333,39.4853312,-106.1481711,5.402,13.258,18.076,1,109206,SG,20241130T201833000000
160,3432.543,39.4853474,-106.148156,5.748,13.157,18.16,1,109206,SG,20241130T201833100000
161,3431.709,39.4853639,-106.1481413,6.104,12.892,18.315,1,109206,SG,20241130T201833200000
162,3430.837,39.4853807,-106.1481271,6.462,12.462,18.626,1,109206,SG,20241130T201833300000
163,3430.046,39.485398,-106.1481133,6.661,11.989,19.147,1,109206,SG,20241130T201833400000
164,3429.267,39.485416,-106.1481002,6.815,11.443,19.783,1,109206,SG,20241130T201833500000
165,3428.482,39.4854342,-106.1480871,6.959,11.297,20.092,1,109206,SG,20241130T201833600000
166,3427.707,39.485453,-106.1480753,7.065,10.44,20.671,1,109206,SG,20241130T201833700000
167,3426.946,39.4854716,-106.148064,7.136,9.83,20.732,1,109206,SG,20241130T201833800000
168,3426.22,39.4854914,-106.1480539,7.149,8.986,21.617,1,109206,SG,20241130T201833900000
169,3425.525,39.4855116,-106.1480446,7.119,8.14,22.159,1,109206,SG,20241130T201834000000
170,3424.872,39.4855323,-106.1480364,7.038,7.306,22.695,1,109206,SG,20241130T201834100000
171,3424.319,39.4855537,-106.1480299,6.838,5.914,23.347,1,109206,SG,20241130T201834200000
172,3423.842,39.4855755,-106.1480247,6.573,4.794,23.822,1,109206,SG,20241130T201834300000
173,3423.392,39.4855975,-106.1480207,6.316,3.734,24.149,1,109206,SG,20241130T201834400000
174,3423.008,39.4856195,-106.1480176,6.002,2.957,24.283,1,109206,SG,20241130T201834500000
175,3422.565,39.4856411,-106.1480142,5.8,2.911,24.032,1,109206,SG,20241130T201834600000
176,3422.053,39.4856634,-106.1480123,5.712,1.926,24.596,1,109206,SG,20241130T201834700000
177,3421.535,39.4856853,-106.14801,5.643,1.933,24.311,1,109206,SG,20241130T201834800000
178,3421.028,39.4857072,-106.1480076,5.567,2.019,24.325,1,109206,SG,20241130T201834900000
179,3420.468,39.4857291,-106.1480055,5.565,1.8,24.363,1,109206,SG,20241130T201835000000
180,3419.823,39.4857511,-106.1480034,5.676,1.798,24.396,1,109206,SG,20241130T201835100000
181,3419.077,39.4857729,-106.1480008,5.9,2.037,24.336,1,109206,SG,20241130T201835200000
182,3418.386,39.4857947,-106.1479976,6.024,2.561,24.221,1,109206,SG,20241130T201835300000
183,3417.659,39.4858163,-106.147994,6.182,2.978,24.022,1,109206,SG,20241130T201835400000
184,3416.909,39.4858378,-106.1479892,6.346,3.868,23.952,1,109206,SG,20241130T201835500000
185,3416.199,39.4858593,-106.1479828,6.432,5.152,23.947,1,109206,SG,20241130T201835600000
186,3415.489,39.4858804,-106.1479746,6.511,6.645,23.607,1,109206,SG,20241130T201835700000
187,3414.774,39.4859013,-106.1479655,6.578,7.574,23.361,1,109206,SG,20241130T201835800000
188,3413.999,39.485922,-106.1479553,6.719,8.497,23.067,1,109206,SG,20241130T201835900000
189,3413.206,39.4859425,-106.1479438,6.861,9.557,22.883,1,109206,SG,20241130T201836000000
190,3412.373,39.4859625,-106.1479318,7.045,10.145,22.448,1,109206,SG,20241130T201836100000
191,3411.608,39.4859818,-106.1479184,7.111,11.159,21.703,1,109206,SG,20241130T201836200000
192,3410.814,39.4860005,-106.1479029,7.212,12.859,21.062,1,109206,SG,20241130T201836300000
193,3410.015,39.4860184,-106.1478857,7.311,14.33,20.259,1,109206,SG,20241130T201836400000
194,3409.279,39.4860354,-106.1478668,7.311,15.771,19.303,1,109206,SG,20241130T201836500000
195,3408.652,39.4860513,-106.1478459,7.17,17.342,18.176,1,109206,SG,20241130T201836600000
196,3408.104,39.4860663,-106.1478234,6.946,18.728,17.295,1,109206,SG,20241130T201836700000
197,3407.527,39.4860809,-106.1478007,6.789,19.24,16.599,1,109206,SG,20241130T201836800000
198,3406.878,39.4860954,-106.1477784,6.74,19.156,16.311,1,109206,SG,20241130T201836900000
199,3406.138,39.4861097,-106.1477561,6.812,19.168,15.966,1,109206,SG,20241130T201837000000
200,3405.365,39.486124,-106.1477342,6.916,19,15.938,1,109206,SG,20241130T201837100000
201,3404.558,39.4861378,-106.1477125,7.047,18.745,15.477,1,109206,SG,20241130T201837200000
202,3403.853,39.4861533,-106.1476924,7.037,17.754,16.645,1,109206,SG,20241130T201837300000
203,3403.196,39.4861702,-106.1476744,6.971,16.199,18.152,1,109206,SG,20241130T201837400000
204,3402.547,39.4861877,-106.1476581,6.907,14.679,19.03,1,109206,SG,20241130T201837500000
205,3401.95,39.4862064,-106.1476436,6.788,13.158,20.281,1,109206,SG,20241130T201837600000
206,3401.417,39.486226,-106.1476315,6.611,11.182,21.4,1,109206,SG,20241130T201837700000
207,3401.02,39.4862459,-106.1476207,6.296,9.722,22.174,1,109206,SG,20241130T201837800000
208,3400.544,39.486266,-106.1476113,6.11,8.462,22.408,1,109206,SG,20241130T201837900000
209,3400.074,39.4862869,-106.1476039,5.945,6.765,23.186,1,109206,SG,20241130T201838000000
210,3399.664,39.4863081,-106.147599,5.719,4.734,23.647,1,109206,SG,20241130T201838100000
211,3399.32,39.486329,-106.1475961,5.44,2.982,23.471,1,109206,SG,20241130T201838200000
212,3399.012,39.4863505,-106.1475948,5.145,1.653,23.895,1,109206,SG,20241130T201838300000
213,3398.636,39.4863722,-106.1475946,4.962,0.476,24.217,1,109206,SG,20241130T201838400000
214,3398.298,39.4863933,-106.1475955,4.753,-0.427,23.714,1,109206,SG,20241130T201838500000
215,3398.106,39.4864146,-106.147598,4.369,-1.644,23.928,1,109206,SG,20241130T201838600000
216,3397.918,39.4864356,-106.1476014,4.04,-2.518,23.589,1,109206,SG,20241130T201838700000
217,3397.81,39.4864562,-106.1476057,3.637,-3.389,23.254,1,109206,SG,20241130T201838800000
218,3397.555,39.4864771,-106.1476107,3.465,-4.089,23.311,1,109206,SG,20241130T201838900000
219,3397.376,39.4864978,-106.1476163,3.223,-4.547,23.191,1,109206,SG,20241130T201839000000
220,3397.046,39.4865182,-106.1476219,3.224,-4.828,22.74,1,109206,SG,20241130T201839100000
221,3396.695,39.486539,-106.1476279,3.243,-5.064,22.974,1,109206,SG,20241130T201839200000
222,3396.337,39.4865596,-106.1476339,3.262,-5.204,22.926,1,109206,SG,20241130T201839300000
223,3395.903,39.48658,-106.1476401,3.387,-5.315,22.68,1,109206,SG,20241130T201839400000
224,3395.382,39.4866004,-106.1476462,3.62,-5.241,22.551,1,109206,SG,20241130T201839500000
225,3394.829,39.4866208,-106.1476521,3.861,-5.059,22.567,1,109206,SG,20241130T201839600000
226,3394.203,39.486641,-106.1476578,4.174,-4.873,22.467,1,109206,SG,20241130T201839700000
227,3393.59,39.4866614,-106.1476634,4.456,-4.733,22.42,1,109206,SG,20241130T201839800000
228,3392.991,39.4866819,-106.1476683,4.671,-4.167,22.666,1,109206,SG,20241130T201839900000
229,3392.336,39.4867024,-106.1476729,4.942,-3.911,22.597,1,109206,SG,20241130T201840000000
230,3391.643,39.486723,-106.1476775,5.247,-3.787,22.667,1,109206,SG,20241130T201840100000
231,3390.91,39.4867437,-106.1476816,5.561,-3.379,22.756,1,109206,SG,20241130T201840200000
232,3390.163,39.4867643,-106.1476851,5.855,-2.899,22.73,1,109206,SG,20241130T201840300000
233,3389.361,39.4867849,-106.1476885,6.182,-2.691,22.766,1,109206,SG,20241130T201840400000
234,3388.517,39.4868061,-106.1476909,6.534,-1.888,23.268,1,109206,SG,20241130T201840500000
235,3387.653,39.486827,-106.1476925,6.858,-1.217,23.092,1,109206,SG,20241130T201840600000
236,3386.701,39.4868477,-106.1476941,7.274,-0.968,22.814,1,109206,SG,20241130T201840700000
237,3385.744,39.4868683,-106.1476939,7.639,0.276,22.787,1,109206,SG,20241130T201840800000
238,3384.7,39.4868884,-106.1476935,8.078,0.731,22.281,1,109206,SG,20241130T201840900000
239,3383.668,39.4869089,-106.1476907,8.425,2.497,22.669,1,109206,SG,20241130T201841000000
240,3382.668,39.4869287,-106.1476849,8.681,4.78,22.151,1,109206,SG,20241130T201841100000
241,3381.626,39.4869481,-106.1476779,8.955,6.005,21.617,1,109206,SG,20241130T201841200000
242,3380.529,39.486967,-106.1476688,9.274,7.808,21.148,1,109206,SG,20241130T201841300000
243,3379.456,39.4869853,-106.1476573,9.512,9.737,20.5,1,109206,SG,20241130T201841400000
244,3378.334,39.4870029,-106.1476443,9.778,11.196,19.743,1,109206,SG,20241130T201841500000
245,3377.246,39.4870198,-106.1476298,9.952,12.523,18.908,1,109206,SG,20241130T201841600000
246,3376.068,39.4870361,-106.1476136,10.238,14.04,18.165,1,109206,SG,20241130T201841700000
247,3374.952,39.4870513,-106.147596,10.381,15.134,17.143,1,109206,SG,20241130T201841800000
248,3373.809,39.4870662,-106.1475774,10.533,16.085,16.689,1,109206,SG,20241130T201841900000
249,3372.683,39.4870806,-106.147558,10.644,16.74,16.121,1,109206,SG,20241130T201842000000
250,3371.652,39.4870942,-106.1475362,10.592,18.446,15.336,1,109206,SG,20241130T201842100000
251,3370.642,39.4871078,-106.1475147,10.505,18.49,15.148,1,109206,SG,20241130T201842200000
252,3369.584,39.4871211,-106.1474926,10.515,18.922,14.843,1,109206,SG,20241130T201842300000
253,3368.425,39.4871344,-106.1474716,10.671,18.39,14.773,1,109206,SG,20241130T201842400000
254,3367.234,39.4871477,-106.1474505,10.853,18.441,14.722,1,109206,SG,20241130T201842500000
255,3365.972,39.4871609,-106.147429,11.121,18.776,14.579,1,109206,SG,20241130T201842600000
256,3364.607,39.4871748,-106.1474085,11.492,18.103,15.196,1,109206,SG,20241130T201842700000
257,3363.299,39.4871892,-106.1473881,11.717,17.834,15.729,1,109206,SG,20241130T201842800000
258,3362.021,39.4872052,-106.1473693,11.876,16.517,17.282,1,109206,SG,20241130T201842900000
259,3360.767,39.4872215,-106.1473516,11.972,15.545,17.919,1,109206,SG,20241130T201843000000
260,3359.449,39.4872383,-106.1473343,12.141,15.039,18.484,1,109206,SG,20241130T201843100000
261,3358.118,39.4872567,-106.1473182,12.305,14.044,20.019,1,109206,SG,20241130T201843200000
262,3356.802,39.4872756,-106.1473027,12.42,13.482,20.78,1,109206,SG,20241130T201843300000
263,3355.514,39.4872953,-106.1472889,12.472,12.163,21.593,1,109206,SG,20241130T201843400000
264,3354.163,39.4873159,-106.1472769,12.599,10.751,22.545,1,109206,SG,20241130T201843500000
265,3352.912,39.4873371,-106.1472664,12.575,9.435,23.281,1,109206,SG,20241130T201843600000
266,3351.772,39.4873592,-106.1472576,12.402,7.89,24.183,1,109206,SG,20241130T201843700000
267,3350.687,39.4873817,-106.1472501,12.18,6.694,24.828,1,109206,SG,20241130T201843800000
268,3349.638,39.487405,-106.1472442,11.937,5.295,25.65,1,109206,SG,20241130T201843900000
269,3348.671,39.4874285,-106.1472396,11.607,4.205,25.903,1,109206,SG,20241130T201844000000
270,3347.824,39.4874527,-106.1472365,11.149,2.867,26.491,1,109206,SG,20241130T201844100000
271,3347.118,39.4874769,-106.1472345,10.559,1.955,26.621,1,109206,SG,20241130T201844200000
272,3346.487,39.4875017,-106.1472339,9.937,0.783,27.08,1,109206,SG,20241130T201844300000
273,3345.888,39.4875266,-106.1472344,9.344,-0.153,27.399,1,109206,SG,20241130T201844400000
274,3345.392,39.4875513,-106.1472347,8.67,-0.178,27.098,1,109206,SG,20241130T201844500000
275,3344.719,39.4875763,-106.1472355,8.362,-0.578,27.5,1,109206,SG,20241130T201844600000
276,3344,39.4876014,-106.1472363,8.167,-0.622,27.699,1,109206,SG,20241130T201844700000
277,3343.198,39.4876263,-106.1472366,8.132,-0.274,27.604,1,109206,SG,20241130T201844800000
278,3342.29,39.487651,-106.1472367,8.273,-0.099,27.555,1,109206,SG,20241130T201844900000
279,3341.31,39.4876757,-106.1472363,8.499,0.339,27.488,1,109206,SG,20241130T201845000000
280,3340.325,39.4877004,-106.1472349,8.695,1.144,27.449,1,109206,SG,20241130T201845100000
281,3339.354,39.4877251,-106.1472313,8.842,2.935,27.431,1,109206,SG,20241130T201845200000
282,3338.374,39.4877496,-106.1472261,8.979,4.331,27.29,1,109206,SG,20241130T201845300000
283,3337.414,39.4877737,-106.147219,9.059,5.955,26.891,1,109206,SG,20241130T201845400000
284,3336.456,39.4877978,-106.14721,9.125,7.523,26.753,1,109206,SG,20241130T201845500000
285,3335.466,39.4878215,-106.1471999,9.234,8.581,26.455,1,109206,SG,20241130T201845600000
286,3334.519,39.4878452,-106.1471887,9.259,9.455,26.298,1,109206,SG,20241130T201845700000
287,3333.574,39.4878688,-106.1471767,9.277,10.237,26.278,1,109206,SG,20241130T201845800000
288,3332.62,39.4878922,-106.1471642,9.313,10.716,26.032,1,109206,SG,20241130T201845900000
289,3331.63,39.4879158,-106.1471518,9.402,10.71,26.175,1,109206,SG,20241130T201846000000
290,3330.696,39.4879396,-106.1471391,9.378,10.894,26.334,1,109206,SG,20241130T201846100000
291,3329.793,39.4879634,-106.1471264,9.303,10.901,26.375,1,109206,SG,20241130T201846200000
292,3328.787,39.4879872,-106.1471143,9.416,10.528,26.509,1,109206,SG,20241130T201846300000
293,3327.794,39.4880115,-106.1471026,9.489,10.137,26.834,1,109206,SG,20241130T201846400000
294,3326.793,39.4880356,-106.1470912,9.562,9.876,26.87,1,109206,SG,20241130T201846500000
295,3325.753,39.4880595,-106.1470804,9.689,9.373,26.689,1,109206,SG,20241130T201846600000
296,3324.765,39.4880843,-106.1470713,9.713,8.144,27.39,1,109206,SG,20241130T201846700000
297,3323.822,39.4881096,-106.1470636,9.656,6.879,27.865,1,109206,SG,20241130T201846800000
298,3322.9,39.4881355,-106.147058,9.58,5.188,28.513,1,109206,SG,20241130T201846900000
299,3322.006,39.4881616,-106.1470548,9.479,3.242,28.851,1,109206,SG,20241130T201847000000
300,3321.151,39.4881878,-106.1470529,9.337,1.959,28.971,1,109206,SG,20241130T201847100000
301,3320.336,39.488214,-106.1470529,9.157,0.38,28.967,1,109206,SG,20241130T201847200000
302,3319.489,39.4882401,-106.1470542,9.047,-0.806,28.967,1,109206,SG,20241130T201847300000
303,3318.741,39.4882665,-106.1470574,8.813,-2.305,29.176,1,109206,SG,20241130T201847400000
304,3318.12,39.4882928,-106.1470624,8.43,-3.734,29.085,1,109206,SG,20241130T201847500000
305,3317.475,39.4883189,-106.1470688,8.141,-5.024,28.931,1,109206,SG,20241130T201847600000
306,3316.938,39.4883452,-106.1470763,7.736,-6,29.078,1,109206,SG,20241130T201847700000
307,3316.375,39.4883712,-106.1470846,7.427,-6.839,28.878,1,109206,SG,20241130T201847800000
308,3315.702,39.488397,-106.1470928,7.315,-6.928,28.754,1,109206,SG,20241130T201847900000
309,3314.987,39.4884229,-106.1471007,7.279,-6.817,28.773,1,109206,SG,20241130T201848000000
310,3314.229,39.4884487,-106.1471084,7.308,-6.655,28.659,1,109206,SG,20241130T201848100000
311,3313.377,39.4884742,-106.1471162,7.465,-6.711,28.441,1,109206,SG,20241130T201848200000
312,3312.407,39.4884993,-106.1471241,7.751,-6.867,28.024,1,109206,SG,20241130T201848300000
313,3311.381,39.4885244,-106.1471317,8.064,-6.632,27.894,1,109206,SG,20241130T201848400000
314,3310.406,39.4885497,-106.1471383,8.27,-5.953,28.122,1,109206,SG,20241130T201848500000
315,3309.441,39.4885755,-106.1471431,8.435,-4.486,28.582,1,109206,SG,20241130T201848600000
316,3308.524,39.4886017,-106.1471458,8.515,-2.793,28.981,1,109206,SG,20241130T201848700000
317,3307.581,39.4886279,-106.1471458,8.621,-0.653,29.114,1,109206,SG,20241130T201848800000
318,3306.779,39.4886539,-106.1471435,8.532,1.412,29.086,1,109206,SG,20241130T201848900000
319,3305.992,39.4886802,-106.1471387,8.433,3.533,29.216,1,109206,SG,20241130T201849000000
320,3305.292,39.488706,-106.1471318,8.241,5.41,28.921,1,109206,SG,20241130T201849100000
321,3304.558,39.4887319,-106.1471238,8.119,6.58,28.799,1,109206,SG,20241130T201849200000
322,3303.905,39.4887575,-106.1471149,7.91,7.444,28.613,1,109206,SG,20241130T201849300000
323,3303.273,39.4887832,-106.1471055,7.701,7.98,28.595,1,109206,SG,20241130T201849400000
324,3302.626,39.4888088,-106.147096,7.536,8.196,28.483,1,109206,SG,20241130T201849500000
325,3301.936,39.4888341,-106.1470867,7.442,8.084,28.204,1,109206,SG,20241130T201849600000
326,3301.231,39.4888595,-106.1470777,7.381,7.836,28.213,1,109206,SG,20241130T201849700000
327,3300.474,39.4888852,-106.1470694,7.391,7.307,28.376,1,109206,SG,20241130T201849800000
328,3299.852,39.4889111,-106.1470622,7.226,6.497,28.611,1,109206,SG,20241130T201849900000
329,3299.165,39.4889369,-106.147056,7.171,5.636,28.656,1,109206,SG,20241130T201850000000
330,3298.434,39.4889626,-106.1470507,7.179,4.8,28.558,1,109206,SG,20241130T201850100000
331,3297.757,39.4889887,-106.147047,7.125,3.481,28.872,1,109206,SG,20241130T201850200000
332,3297.047,39.4890146,-106.1470445,7.114,2.513,28.731,1,109206,SG,20241130T201850300000
333,3296.362,39.4890408,-106.1470438,7.076,1.074,29.003,1,109206,SG,20241130T201850400000
334,3295.666,39.4890668,-106.1470446,7.057,-0.265,28.915,1,109206,SG,20241130T201850500000
335,3294.982,39.4890928,-106.1470476,7.024,-1.998,28.828,1,109206,SG,20241130T201850600000
336,3294.327,39.4891185,-106.147052,6.964,-3.3,28.553,1,109206,SG,20241130T201850700000
337,3293.753,39.4891443,-106.1470591,6.807,-5.389,28.587,1,109206,SG,20241130T201850800000
338,3293.182,39.4891693,-106.1470676,6.664,-6.816,27.952,1,109206,SG,20241130T201850900000
339,3292.595,39.489194,-106.1470771,6.563,-7.814,27.564,1,109206,SG,20241130T201851000000
340,3291.919,39.4892186,-106.1470877,6.588,-8.828,27.303,1,109206,SG,20241130T201851100000
341,3291.23,39.4892429,-106.1470991,6.619,-9.554,27.022,1,109206,SG,20241130T201851200000
342,3290.567,39.4892668,-106.1471114,6.618,-10.288,26.608,1,109206,SG,20241130T201851300000
343,3289.979,39.4892904,-106.1471248,6.523,-11.158,26.322,1,109206,SG,20241130T201851400000
344,3289.444,39.4893138,-106.1471398,6.379,-12.447,26.026,1,109206,SG,20241130T201851500000
345,3288.91,39.4893367,-106.1471552,6.249,-12.949,25.616,1,109206,SG,20241130T201851600000
346,3288.317,39.4893594,-106.147171,6.205,-13.443,25.256,1,109206,SG,20241130T201851700000
347,3287.662,39.489382,-106.1471864,6.237,-13.249,25.143,1,109206,SG,20241130T201851800000
348,3286.972,39.4894045,-106.1472014,6.304,-12.98,25.039,1,109206,SG,20241130T201851900000
349,3286.22,39.4894271,-106.1472163,6.435,-12.846,24.99,1,109206,SG,20241130T201852000000
350,3285.463,39.48945,-106.1472303,6.553,-12.26,25.258,1,109206,SG,20241130T201852100000
351,3284.724,39.4894732,-106.1472431,6.636,-11.284,25.69,1,109206,SG,20241130T201852200000
352,3284.01,39.4894969,-106.147254,6.679,-9.724,26.234,1,109206,SG,20241130T201852300000
353,3283.297,39.4895209,-106.1472633,6.721,-8.341,26.523,1,109206,SG,20241130T201852400000
354,3282.6,39.4895453,-106.14727,6.735,-6.283,26.999,1,109206,SG,20241130T201852500000
355,3281.989,39.4895701,-106.1472745,6.648,-4.32,27.454,1,109206,SG,20241130T201852600000
356,3281.294,39.4895952,-106.1472774,6.67,-2.798,27.74,1,109206,SG,20241130T201852700000
357,3280.69,39.4896204,-106.147278,6.58,-0.934,27.917,1,109206,SG,20241130T201852800000
358,3280.1,39.4896455,-106.1472767,6.483,0.739,27.975,1,109206,SG,20241130T201852900000
359,3279.551,39.4896707,-106.147274,6.347,2.012,27.947,1,109206,SG,20241130T201853000000
360,3278.978,39.4896955,-106.147271,6.258,2.506,27.647,1,109206,SG,20241130T201853100000
361,3278.36,39.4897205,-106.1472676,6.236,2.867,27.681,1,109206,SG,20241130T201853200000
362,3277.669,39.4897454,-106.1472641,6.305,2.957,27.63,1,109206,SG,20241130T201853300000
363,3276.985,39.4897702,-106.1472611,6.356,2.704,27.558,1,109206,SG,20241130T201853400000
364,3276.296,39.4897948,-106.1472582,6.407,2.563,27.392,1,109206,SG,20241130T201853500000
365,3275.631,39.4898196,-106.147256,6.423,2.039,27.549,1,109206,SG,20241130T201853600000
366,3275.01,39.4898445,-106.1472547,6.383,1.278,27.569,1,109206,SG,20241130T201853700000
367,3274.371,39.4898695,-106.1472546,6.371,0.399,27.788,1,109206,SG,20241130T201853800000
368,3273.803,39.4898948,-106.1472557,6.271,-0.708,28.028,1,109206,SG,20241130T201853900000
369,3273.222,39.4899198,-106.1472577,6.199,-1.419,27.843,1,109206,SG,20241130T201854000000
370,3272.591,39.4899448,-106.1472604,6.202,-2.116,27.803,1,109206,SG,20241130T201854100000
371,3271.97,39.4899699,-106.1472636,6.192,-2.614,27.842,1,109206,SG,20241130T201854200000
372,3271.336,39.4899948,-106.1472679,6.197,-3.417,27.673,1,109206,SG,20241130T201854300000
373,3270.717,39.4900193,-106.1472729,6.183,-4.08,27.381,1,109206,SG,20241130T201854400000
374,3270.106,39.4900439,-106.147279,6.16,-4.954,27.361,1,109206,SG,20241130T201854500000
375,3269.53,39.4900683,-106.1472862,6.096,-5.917,27.2,1,109206,SG,20241130T201854600000
376,3268.931,39.4900929,-106.1472938,6.069,-6.354,27.262,1,109206,SG,20241130T201854700000
377,3268.282,39.4901172,-106.1473019,6.11,-6.798,27.093,1,109206,SG,20241130T201854800000
378,3267.651,39.4901414,-106.14731,6.123,-6.955,26.928,1,109206,SG,20241130T201854900000
379,3266.975,39.4901659,-106.1473183,6.191,-7.089,27.082,1,109206,SG,20241130T201855000000
380,3266.231,39.4901901,-106.1473266,6.334,-7.137,26.993,1,109206,SG,20241130T201855100000
381,3265.513,39.4902145,-106.1473348,6.426,-7.136,27.048,1,109206,SG,20241130T201855200000
382,3264.791,39.490239,-106.147343,6.511,-7.094,27.104,1,109206,SG,20241130T201855300000
383,3264.051,39.4902634,-106.147351,6.608,-6.926,27.12,1,109206,SG,20241130T201855400000
384,3263.308,39.4902881,-106.1473585,6.698,-6.603,27.309,1,109206,SG,20241130T201855500000
385,3262.54,39.4903127,-106.1473657,6.811,-6.321,27.353,1,109206,SG,20241130T201855600000
386,3261.764,39.4903377,-106.1473725,6.919,-5.925,27.624,1,109206,SG,20241130T201855700000
387,3260.989,39.4903627,-106.1473783,7.013,-5.226,27.688,1,109206,SG,20241130T201855800000
388,3260.183,39.4903878,-106.1473837,7.136,-4.781,27.803,1,109206,SG,20241130T201855900000
389,3259.307,39.4904131,-106.1473882,7.338,-4.077,27.928,1,109206,SG,20241130T201856000000
390,3258.483,39.4904382,-106.1473916,7.445,-3.189,27.911,1,109206,SG,20241130T201856100000
391,3257.632,39.4904637,-106.1473941,7.575,-2.342,28.169,1,109206,SG,20241130T201856200000
392,3256.754,39.4904891,-106.1473954,7.719,-1.383,28.213,1,109206,SG,20241130T201856300000
393,3255.926,39.4905146,-106.1473951,7.781,-0.09,28.284,1,109206,SG,20241130T201856400000
394,3255.116,39.4905402,-106.147393,7.814,1.413,28.409,1,109206,SG,20241130T201856500000
395,3254.291,39.4905657,-106.1473894,7.864,2.705,28.438,1,109206,SG,20241130T201856600000
396,3253.495,39.4905912,-106.1473842,7.867,4.103,28.416,1,109206,SG,20241130T201856700000
397,3252.865,39.4906165,-106.1473771,7.658,5.6,28.311,1,109206,SG,20241130T201856800000
398,3252.171,39.4906417,-106.1473691,7.559,6.539,28.166,1,109206,SG,20241130T201856900000
399,3251.501,39.4906673,-106.147361,7.448,6.846,28.386,1,109206,SG,20241130T201857000000
400,3250.759,39.4906926,-106.1473525,7.44,7.246,28.163,1,109206,SG,20241130T201857100000
401,3249.963,39.4907179,-106.1473439,7.505,7.35,28.056,1,109206,SG,20241130T201857200000
402,3249.102,39.4907433,-106.1473357,7.637,7.163,28.09,1,109206,SG,20241130T201857300000
403,3248.211,39.4907686,-106.1473278,7.787,6.913,27.973,1,109206,SG,20241130T201857400000
404,3247.364,39.4907937,-106.1473202,7.862,6.581,27.909,1,109206,SG,20241130T201857500000
405,3246.417,39.4908191,-106.1473126,8.058,6.548,28.083,1,109206,SG,20241130T201857600000
406,3245.404,39.4908444,-106.1473058,8.315,6.035,28.009,1,109206,SG,20241130T201857700000
407,3244.407,39.4908702,-106.1473001,8.517,5.13,28.451,1,109206,SG,20241130T201857800000
408,3243.469,39.490896,-106.147296,8.617,3.885,28.631,1,109206,SG,20241130T201857900000
409,3242.547,39.490922,-106.1472933,8.681,2.729,28.774,1,109206,SG,20241130T201858000000
410,3241.633,39.490948,-106.1472923,8.728,1.334,28.897,1,109206,SG,20241130T201858100000
411,3240.711,39.4909742,-106.1472925,8.782,0.122,28.99,1,109206,SG,20241130T201858200000
412,3239.832,39.4910005,-106.1472944,8.777,-1.199,29.185,1,109206,SG,20241130T201858300000
413,3239.036,39.4910267,-106.1472983,8.662,-2.788,29.123,1,109206,SG,20241130T201858400000
414,3238.311,39.491053,-106.1473041,8.472,-4.436,29.148,1,109206,SG,20241130T201858500000
415,3237.592,39.4910788,-106.1473113,8.298,-5.665,28.739,1,109206,SG,20241130T201858600000
416,3236.873,39.4911044,-106.1473197,8.151,-6.85,28.536,1,109206,SG,20241130T201858700000
417,3236.258,39.4911301,-106.1473287,7.891,-7.482,28.461,1,109206,SG,20241130T201858800000
418,3235.658,39.4911559,-106.1473387,7.649,-8.272,28.592,1,109206,SG,20241130T201858900000
419,3234.991,39.4911811,-106.1473488,7.515,-8.582,28.198,1,109206,SG,20241130T201859000000
420,3234.357,39.4912067,-106.1473591,7.353,-8.744,28.402,1,109206,SG,20241130T201859100000
421,3233.67,39.491232,-106.147369,7.276,-8.569,28.232,1,109206,SG,20241130T201859200000
422,3232.91,39.4912572,-106.1473788,7.305,-8.478,28.029,1,109206,SG,20241130T201859300000
423,3232.144,39.4912825,-106.1473882,7.339,-8.13,28.063,1,109206,SG,20241130T201859400000
424,3231.358,39.491308,-106.1473967,7.391,-7.549,28.308,1,109206,SG,20241130T201859500000
425,3230.563,39.4913336,-106.1474042,7.442,-6.68,28.452,1,109206,SG,20241130T201859600000
426,3229.797,39.4913595,-106.1474105,7.457,-5.744,28.718,1,109206,SG,20241130T201859700000
427,3229.029,39.4913856,-106.1474155,7.479,-4.572,28.979,1,109206,SG,20241130T201859800000
428,3228.232,39.4914115,-106.1474195,7.536,-3.741,28.922,1,109206,SG,20241130T201859900000
429,3227.463,39.4914378,-106.1474215,7.552,-2.162,29.154,1,109206,SG,20241130T201900000000
430,3226.649,39.491464,-106.1474226,7.62,-1.198,29.208,1,109206,SG,20241130T201900100000
431,3225.851,39.4914903,-106.1474211,7.662,0.713,29.356,1,109206,SG,20241130T201900200000
432,3225.068,39.4915163,-106.147419,7.677,1.518,29.015,1,109206,SG,20241130T201900300000
433,3224.237,39.4915426,-106.1474154,7.746,2.784,29.196,1,109206,SG,20241130T201900400000
434,3223.409,39.4915687,-106.1474099,7.799,4.345,29.178,1,109206,SG,20241130T201900500000
435,3222.684,39.4915946,-106.1474031,7.724,5.433,28.879,1,109206,SG,20241130T201900600000
436,3221.897,39.4916203,-106.1473962,7.729,5.876,28.664,1,109206,SG,20241130T201900700000
437,3221.061,39.4916462,-106.1473887,7.797,6.367,28.77,1,109206,SG,20241130T201900800000
438,3220.184,39.4916718,-106.1473811,7.907,6.52,28.564,1,109206,SG,20241130T201900900000
439,3219.274,39.4916975,-106.1473737,8.045,6.48,28.492,1,109206,SG,20241130T201901000000
440,3218.338,39.4917232,-106.1473664,8.194,6.369,28.54,1,109206,SG,20241130T201901100000
441,3217.361,39.491749,-106.1473597,8.376,5.999,28.578,1,109206,SG,20241130T201901200000
442,3216.453,39.4917749,-106.1473535,8.453,5.524,28.71,1,109206,SG,20241130T201901300000
443,3215.483,39.4918009,-106.1473481,8.595,4.901,28.839,1,109206,SG,20241130T201901400000
444,3214.505,39.491827,-106.1473435,8.729,4.233,28.854,1,109206,SG,20241130T201901500000
445,3213.488,39.491853,-106.1473402,8.891,3.242,28.863,1,109206,SG,20241130T201901600000
446,3212.525,39.4918789,-106.1473384,8.971,1.982,28.781,1,109206,SG,20241130T201901700000
447,3211.594,39.4919047,-106.1473385,9.008,0.421,28.719,1,109206,SG,20241130T201901800000
448,3210.729,39.4919304,-106.147341,8.969,-1.64,28.593,1,109206,SG,20241130T201901900000
449,3209.859,39.491956,-106.1473459,8.933,-3.68,28.475,1,109206,SG,20241130T201902000000
450,3209.075,39.4919812,-106.1473531,8.802,-5.918,28.072,1,109206,SG,20241130T201902100000
451,3208.463,39.4920061,-106.1473627,8.468,-7.874,27.836,1,109206,SG,20241130T201902200000
452,3207.923,39.4920301,-106.1473741,8.096,-9.431,26.934,1,109206,SG,20241130T201902300000
453,3207.317,39.4920537,-106.1473867,7.836,-10.561,26.395,1,109206,SG,20241130T201902400000
454,3206.636,39.4920772,-106.1474001,7.688,-11.321,26.139,1,109206,SG,20241130T201902500000
455,3205.917,39.4921004,-106.1474138,7.607,-11.659,25.909,1,109206,SG,20241130T201902600000
456,3205.224,39.4921229,-106.1474291,7.508,-12.898,25.136,1,109206,SG,20241130T201902700000
457,3204.572,39.4921449,-106.1474459,7.373,-14.202,24.568,1,109206,SG,20241130T201902800000
458,3203.963,39.4921659,-106.1474644,7.204,-15.597,23.649,1,109206,SG,20241130T201902900000
459,3203.431,39.4921866,-106.1474846,6.947,-16.981,23.183,1,109206,SG,20241130T201903000000
460,3203.192,39.4922056,-106.1475047,6.333,-17.095,21.627,1,109206,SG,20241130T201903100000
461,3203.019,39.4922241,-106.1475265,5.708,-18.367,21.009,1,109206,SG,20241130T201903200000
462,3202.938,39.4922421,-106.1475494,5.038,-19.291,20.401,1,109206,SG,20241130T201903300000
463,3202.828,39.4922597,-106.1475719,4.491,-19.272,19.856,1,109206,SG,20241130T201903400000
464,3202.598,39.4922777,-106.1475944,4.172,-19.241,19.976,1,109206,SG,20241130T201903500000
465,3202.264,39.4922951,-106.1476168,4.05,-19.275,19.553,1,109206,SG,20241130T201903600000
466,3201.912,39.4923129,-106.1476386,3.962,-18.822,19.783,1,109206,SG,20241130T201903700000
467,3201.521,39.4923308,-106.1476598,3.939,-18.321,19.83,1,109206,SG,20241130T201903800000
468,3201.069,39.4923487,-106.1476805,4.01,-17.841,19.833,1,109206,SG,20241130T201903900000
469,3200.605,39.4923667,-106.1477003,4.085,-17.14,19.971,1,109206,SG,20241130T201904000000
470,3200.054,39.4923849,-106.1477196,4.274,-16.63,20.148,1,109206,SG,20241130T201904100000
471,3199.43,39.492404,-106.1477388,4.549,-16.395,21.012,1,109206,SG,20241130T201904200000
472,3198.851,39.492424,-106.1477564,4.719,-15.18,21.959,1,109206,SG,20241130T201904300000
473,3198.127,39.4924444,-106.1477725,5.073,-13.88,22.392,1,109206,SG,20241130T201904400000
474,3197.491,39.4924652,-106.1477862,5.247,-11.975,22.876,1,109206,SG,20241130T201904500000
475,3196.818,39.4924859,-106.1477993,5.464,-11.324,22.942,1,109206,SG,20241130T201904600000
476,3196.114,39.4925076,-106.147811,5.691,-10.167,23.821,1,109206,SG,20241130T201904700000
477,3195.443,39.4925296,-106.1478203,5.84,-8.265,24.385,1,109206,SG,20241130T201904800000
478,3194.68,39.4925517,-106.1478294,6.105,-7.719,24.45,1,109206,SG,20241130T201904900000
479,3193.869,39.4925745,-106.1478369,6.399,-6.571,25.075,1,109206,SG,20241130T201905000000
480,3192.942,39.492597,-106.1478439,6.826,-5.91,24.847,1,109206,SG,20241130T201905100000
481,3192.073,39.4926197,-106.1478488,7.108,-4.3,25.109,1,109206,SG,20241130T201905200000
482,3191.18,39.4926425,-106.1478525,7.382,-3.274,25.169,1,109206,SG,20241130T201905300000
483,3190.25,39.4926654,-106.1478534,7.679,-1.114,25.282,1,109206,SG,20241130T201905400000
484,3189.3,39.4926881,-106.1478527,7.96,0.446,25.105,1,109206,SG,20241130T201905500000
485,3188.256,39.4927111,-106.1478508,8.339,1.638,25.31,1,109206,SG,20241130T201905600000
486,3187.183,39.4927338,-106.1478481,8.709,2.367,25.004,1,109206,SG,20241130T201905700000
487,3186.113,39.4927566,-106.1478431,9.023,4.166,25.136,1,109206,SG,20241130T201905800000
488,3184.999,39.4927791,-106.1478366,9.354,5.498,24.829,1,109206,SG,20241130T201905900000
489,3183.864,39.4928013,-106.1478286,9.662,6.798,24.622,1,109206,SG,20241130T201906000000
490,3182.832,39.4928232,-106.1478185,9.755,8.448,24.294,1,109206,SG,20241130T201906100000
491,3181.738,39.4928449,-106.1478076,9.934,9.289,24.129,1,109206,SG,20241130T201906200000
492,3180.538,39.4928665,-106.1477967,10.255,9.473,23.943,1,109206,SG,20241130T201906300000
493,3179.345,39.4928881,-106.1477859,10.516,9.346,23.981,1,109206,SG,20241130T201906400000
494,3178.021,39.492909,-106.1477751,10.935,9.321,23.38,1,109206,SG,20241130T201906500000
495,3176.773,39.4929299,-106.1477645,11.168,9.133,23.236,1,109206,SG,20241130T201906600000
496,3175.474,39.4929513,-106.147755,11.444,8.38,23.662,1,109206,SG,20241130T201906700000
497,3174.194,39.4929739,-106.147748,11.648,6.435,24.81,1,109206,SG,20241130T201906800000
498,3172.9,39.4929969,-106.1477422,11.836,5.176,25.404,1,109206,SG,20241130T201906900000
499,3171.697,39.4930204,-106.1477381,11.861,3.842,25.992,1,109206,SG,20241130T201907000000
500,3170.575,39.4930442,-106.1477357,11.764,2.424,26.364,1,109206,SG,20241130T201907100000
501,3169.484,39.4930683,-106.1477347,11.639,1.18,26.676,1,109206,SG,20241130T201907200000
502,3168.403,39.4930928,-106.1477347,11.518,0.242,27.077,1,109206,SG,20241130T201907300000
503,3167.372,39.4931179,-106.1477357,11.353,-0.665,27.687,1,109206,SG,20241130T201907400000
504,3166.242,39.4931424,-106.1477368,11.347,-0.849,27.293,1,109206,SG,20241130T201907500000
505,3165.043,39.493167,-106.1477377,11.459,-0.796,27.419,1,109206,SG,20241130T201907600000
506,3163.672,39.4931909,-106.1477389,11.796,-1.126,26.815,1,109206,SG,20241130T201907700000
507,3162.259,39.4932151,-106.14774,12.152,-1.027,27.005,1,109206,SG,20241130T201907800000
508,3160.792,39.493239,-106.14774,12.538,-0.174,26.675,1,109206,SG,20241130T201907900000
509,3159.431,39.493263,-106.1477378,12.705,1.63,26.795,1,109206,SG,20241130T201908000000
510,3158.06,39.4932868,-106.1477339,12.863,3.111,26.479,1,109206,SG,20241130T201908100000
511,3156.683,39.4933104,-106.1477284,12.996,4.541,26.291,1,109206,SG,20241130T201908200000
512,3155.257,39.4933338,-106.1477204,13.179,6.547,26.086,1,109206,SG,20241130T201908300000
513,3153.869,39.4933567,-106.1477104,13.282,8.349,25.602,1,109206,SG,20241130T201908400000
514,3152.524,39.4933792,-106.1476984,13.305,10.057,25.138,1,109206,SG,20241130T201908500000
515,3151.138,39.4934016,-106.1476847,13.388,11.527,24.92,1,109206,SG,20241130T201908600000
516,3149.721,39.4934232,-106.1476696,13.507,12.765,24.252,1,109206,SG,20241130T201908700000
517,3148.427,39.4934442,-106.1476522,13.408,14.658,23.484,1,109206,SG,20241130T201908800000
518,3147.188,39.4934645,-106.1476328,13.242,16.443,22.743,1,109206,SG,20241130T201908900000
519,3146.056,39.4934837,-106.1476114,12.933,18.091,21.546,1,109206,SG,20241130T201909000000
520,3145.026,39.4935019,-106.1475881,12.505,19.754,20.435,1,109206,SG,20241130T201909100000
521,3144.083,39.4935192,-106.1475631,12.017,21.242,19.398,1,109206,SG,20241130T201909200000
522,3143.228,39.4935363,-106.1475372,11.474,22.114,18.922,1,109206,SG,20241130T201909300000
523,3142.327,39.4935535,-106.147512,11.089,21.76,18.897,1,109206,SG,20241130T201909400000
524,3141.393,39.4935707,-106.1474868,10.81,21.762,18.888,1,109206,SG,20241130T201909500000
525,3140.422,39.4935882,-106.1474618,10.643,21.529,19.259,1,109206,SG,20241130T201909600000
526,3139.431,39.4936058,-106.1474373,10.542,21.15,19.424,1,109206,SG,20241130T201909700000
527,3138.405,39.4936235,-106.1474133,10.502,20.765,19.646,1,109206,SG,20241130T201909800000
528,3137.331,39.4936409,-106.1473898,10.542,20.297,19.44,1,109206,SG,20241130T201909900000
529,3136.189,39.4936592,-106.1473671,10.678,19.669,20.154,1,109206,SG,20241130T201910000000
530,3135.17,39.4936783,-106.1473463,10.612,18.172,20.994,1,109206,SG,20241130T201910100000
531,3134.257,39.4936987,-106.1473271,10.388,16.85,22.14,1,109206,SG,20241130T201910200000
532,3133.318,39.4937207,-106.1473114,10.246,14.147,23.952,1,109206,SG,20241130T201910300000
533,3132.418,39.4937431,-106.1472975,10.06,12.337,24.68,1,109206,SG,20241130T201910400000
534,3131.488,39.4937669,-106.1472866,9.952,9.972,26.037,1,109206,SG,20241130T201910500000
535,3130.509,39.4937909,-106.1472777,9.928,8.056,26.432,1,109206,SG,20241130T201910600000
536,3129.55,39.4938155,-106.1472714,9.878,6.047,27.09,1,109206,SG,20241130T201910700000
537,3128.602,39.4938401,-106.1472667,9.819,4.466,27.259,1,109206,SG,20241130T201910800000
538,3127.66,39.4938647,-106.1472627,9.761,3.66,27.264,1,109206,SG,20241130T201910900000
539,3126.699,39.4938897,-106.1472611,9.741,1.914,27.627,1,109206,SG,20241130T201911000000
540,3125.789,39.4939143,-106.1472605,9.654,0.787,27.41,1,109206,SG,20241130T201911100000
541,3124.877,39.4939392,-106.1472628,9.587,-1.428,27.58,1,109206,SG,20241130T201911200000
542,3123.91,39.4939639,-106.1472662,9.602,-2.628,27.482,1,109206,SG,20241130T201911300000
543,3122.932,39.4939886,-106.1472714,9.632,-4.093,27.475,1,109206,SG,20241130T201911400000
544,3122.063,39.4940122,-106.1472773,9.504,-4.867,26.471,1,109206,SG,20241130T201911500000
545,3121.25,39.4940359,-106.1472853,9.324,-6.373,26.329,1,109206,SG,20241130T201911600000
546,3120.401,39.4940596,-106.1472952,9.223,-8.058,26.268,1,109206,SG,20241130T201911700000
547,3119.488,39.494083,-106.1473068,9.218,-9.618,26.053,1,109206,SG,20241130T201911800000
548,3118.637,39.494106,-106.1473193,9.13,-10.481,25.61,1,109206,SG,20241130T201911900000
549,3117.849,39.4941284,-106.1473341,8.969,-12.284,24.998,1,109206,SG,20241130T201912000000
550,3117.181,39.4941506,-106.1473499,8.67,-13.275,24.664,1,109206,SG,20241130T201912100000
551,3116.416,39.4941724,-106.1473668,8.538,-14.225,24.25,1,109206,SG,20241130T201912200000
552,3115.701,39.494194,-106.147384,8.358,-14.6,24.067,1,109206,SG,20241130T201912300000
553,3114.921,39.4942153,-106.1474016,8.285,-15.016,23.794,1,109206,SG,20241130T201912400000
554,3114.089,39.4942366,-106.1474189,8.293,-14.888,23.638,1,109206,SG,20241130T201912500000
555,3113.241,39.4942581,-106.1474361,8.319,-14.838,23.814,1,109206,SG,20241130T201912600000
556,3112.327,39.4942795,-106.1474528,8.432,-14.481,23.726,1,109206,SG,20241130T201912700000
557,3111.427,39.4943013,-106.1474686,8.512,-13.729,24.137,1,109206,SG,20241130T201912800000
558,3110.489,39.4943232,-106.1474839,8.633,-13.252,24.258,1,109206,SG,20241130T201912900000
559,3109.569,39.4943457,-106.1474982,8.71,-12.482,24.872,1,109206,SG,20241130T201913000000
560,3108.683,39.4943689,-106.1475107,8.732,-11.067,25.499,1,109206,SG,20241130T201913100000
561,3107.787,39.4943925,-106.1475218,8.768,-9.803,26.06,1,109206,SG,20241130T201913200000
562,3106.883,39.4944168,-106.1475309,8.808,-8.293,26.702,1,109206,SG,20241130T201913300000
563,3105.989,39.4944415,-106.1475382,8.826,-6.664,27.233,1,109206,SG,20241130T201913400000
564,3105.168,39.4944664,-106.147543,8.744,-4.64,27.592,1,109206,SG,20241130T201913500000
565,3104.33,39.4944916,-106.1475457,8.699,-2.812,27.962,1,109206,SG,20241130T201913600000
566,3103.598,39.494517,-106.1475456,8.52,-0.52,28.189,1,109206,SG,20241130T201913700000
567,3102.932,39.4945423,-106.1475442,8.279,0.809,28.153,1,109206,SG,20241130T201913800000
568,3102.145,39.4945677,-106.1475424,8.231,1.411,28.186,1,109206,SG,20241130T201913900000
569,3101.337,39.4945932,-106.1475399,8.215,1.987,28.232,1,109206,SG,20241130T201914000000
570,3100.538,39.4946185,-106.1475371,8.19,2.317,28.102,1,109206,SG,20241130T201914100000
571,3099.654,39.4946438,-106.1475342,8.275,2.452,28.124,1,109206,SG,20241130T201914200000
572,3098.687,39.494669,-106.147531,8.455,2.68,27.913,1,109206,SG,20241130T201914300000
573,3097.697,39.4946943,-106.1475282,8.642,2.477,28.051,1,109206,SG,20241130T201914400000
574,3096.662,39.4947194,-106.1475259,8.862,2.062,27.827,1,109206,SG,20241130T201914500000
575,3095.65,39.4947448,-106.1475252,9.025,0.943,28.106,1,109206,SG,20241130T201914600000
576,3094.705,39.4947703,-106.1475252,9.083,0.203,28.252,1,109206,SG,20241130T201914700000
577,3093.724,39.4947955,-106.1475256,9.182,-0.266,27.989,1,109206,SG,20241130T201914800000
578,3092.71,39.4948205,-106.1475275,9.309,-1.327,27.809,1,109206,SG,20241130T201914900000
579,3091.773,39.4948458,-106.1475316,9.329,-2.993,27.943,1,109206,SG,20241130T201915000000
580,3090.813,39.494871,-106.1475376,9.378,-4.718,27.929,1,109206,SG,20241130T201915100000
581,3089.932,39.4948957,-106.1475456,9.313,-6.444,27.484,1,109206,SG,20241130T201915200000
582,3088.994,39.4949201,-106.1475547,9.334,-7.644,27.13,1,109206,SG,20241130T201915300000
583,3088.051,39.4949442,-106.147565,9.351,-8.659,26.855,1,109206,SG,20241130T201915400000
584,3087.143,39.4949678,-106.1475764,9.322,-9.522,26.33,1,109206,SG,20241130T201915500000
585,3086.136,39.4949912,-106.1475889,9.426,-10.609,25.927,1,109206,SG,20241130T201915600000
586,3085.104,39.4950143,-106.1476025,9.562,-11.58,25.641,1,109206,SG,20241130T201915700000
587,3084.1,39.4950369,-106.1476175,9.646,-12.71,25.136,1,109206,SG,20241130T201915800000
588,3083.162,39.4950591,-106.1476342,9.626,-14.117,24.723,1,109206,SG,20241130T201915900000
589,3082.257,39.495081,-106.147652,9.557,-15.074,24.325,1,109206,SG,20241130T201916000000
590,3081.342,39.4951023,-106.1476706,9.512,-15.905,23.717,1,109206,SG,20241130T201916100000
591,3080.44,39.4951237,-106.1476899,9.446,-16.42,23.788,1,109206,SG,20241130T201916200000
592,3079.551,39.495145,-106.1477092,9.371,-16.553,23.73,1,109206,SG,20241130T201916300000
593,3078.651,39.4951664,-106.1477279,9.322,-16.152,23.723,1,109206,SG,20241130T201916400000
594,3077.589,39.4951873,-106.1477467,9.532,-16.193,23.224,1,109206,SG,20241130T201916500000
595,3076.534,39.4952086,-106.1477655,9.697,-16.141,23.528,1,109206,SG,20241130T201916600000
596,3075.519,39.4952306,-106.1477829,9.775,-15.135,24.239,1,109206,SG,20241130T201916700000
597,3074.509,39.4952528,-106.1477992,9.835,-14.109,24.626,1,109206,SG,20241130T201916800000
598,3073.533,39.4952757,-106.1478139,9.834,-12.831,25.326,1,109206,SG,20241130T201916900000
599,3072.532,39.4952991,-106.1478275,9.874,-11.848,25.891,1,109206,SG,20241130T201917000000
600,3071.494,39.4953233,-106.1478392,9.959,-10.221,26.756,1,109206,SG,20241130T201917100000
601,3070.517,39.4953475,-106.1478495,9.937,-9.079,26.818,1,109206,SG,20241130T201917200000
602,3069.588,39.4953729,-106.1478566,9.842,-6.408,28.077,1,109206,SG,20241130T201917300000
603,3068.689,39.495398,-106.1478624,9.714,-5.183,27.968,1,109206,SG,20241130T201917400000
604,3067.804,39.4954238,-106.1478657,9.584,-3.186,28.614,1,109206,SG,20241130T201917500000
605,3066.869,39.4954495,-106.1478683,9.55,-2.311,28.53,1,109206,SG,20241130T201917600000
606,3065.945,39.4954753,-106.1478695,9.501,-1.166,28.659,1,109206,SG,20241130T201917700000
607,3065.055,39.495501,-106.147869,9.403,0.154,28.617,1,109206,SG,20241130T201917800000
608,3064.194,39.4955266,-106.1478671,9.272,1.4,28.513,1,109206,SG,20241130T201917900000
609,3063.422,39.4955526,-106.1478631,9.024,3.189,28.794,1,109206,SG,20241130T201918000000
610,3062.686,39.4955783,-106.1478576,8.756,4.468,28.621,1,109206,SG,20241130T201918100000
611,3061.93,39.495604,-106.147852,8.562,4.752,28.591,1,109206,SG,20241130T201918200000
612,3061.109,39.4956298,-106.1478464,8.505,4.832,28.62,1,109206,SG,20241130T201918300000
613,3060.238,39.4956554,-106.1478408,8.533,4.773,28.441,1,109206,SG,20241130T201918400000
614,3059.29,39.4956811,-106.1478358,8.677,4.396,28.503,1,109206,SG,20241130T201918500000
615,3058.305,39.4957068,-106.1478313,8.855,3.935,28.554,1,109206,SG,20241130T201918600000
616,3057.334,39.4957325,-106.1478272,8.984,3.563,28.567,1,109206,SG,20241130T201918700000
617,3056.256,39.4957582,-106.147824,9.255,2.807,28.6,1,109206,SG,20241130T201918800000
618,3055.135,39.4957839,-106.1478216,9.547,2.135,28.619,1,109206,SG,20241130T201918900000
619,3054.043,39.4958097,-106.1478209,9.754,0.819,28.747,1,109206,SG,20241130T201919000000
620,3052.981,39.4958358,-106.1478223,9.882,-0.918,28.977,1,109206,SG,20241130T201919100000
621,3051.96,39.4958615,-106.1478258,9.928,-2.629,28.68,1,109206,SG,20241130T201919200000
622,3051.019,39.4958876,-106.1478304,9.85,-3.697,28.818,1,109206,SG,20241130T201919300000
623,3050.05,39.4959139,-106.1478355,9.826,-4.234,29.084,1,109206,SG,20241130T201919400000
624,3048.98,39.4959398,-106.1478411,9.948,-4.788,28.885,1,109206,SG,20241130T201919500000
625,3047.872,39.4959661,-106.1478466,10.105,-4.812,29.228,1,109206,SG,20241130T201919600000
626,3046.706,39.4959921,-106.1478516,10.324,-4.51,29.032,1,109206,SG,20241130T201919700000
627,3045.528,39.4960183,-106.1478559,10.523,-3.883,29.152,1,109206,SG,20241130T201919800000
628,3044.383,39.4960446,-106.1478594,10.649,-3.24,29.312,1,109206,SG,20241130T201919900000
629,3043.181,39.4960708,-106.147862,10.835,-2.456,29.201,1,109206,SG,20241130T201920000000
630,3042.018,39.4960973,-106.1478623,10.938,-0.648,29.461,1,109206,SG,20241130T201920100000
631,3040.868,39.4961238,-106.147861,11.009,0.841,29.511,1,109206,SG,20241130T201920200000
632,3039.722,39.4961503,-106.1478567,11.059,3.212,29.466,1,109206,SG,20241130T201920300000
633,3038.595,39.4961761,-106.147851,11.076,4.652,28.87,1,109206,SG,20241130T201920400000
634,3037.469,39.4962018,-106.1478434,11.095,6.194,28.614,1,109206,SG,20241130T201920500000
635,3036.312,39.4962274,-106.1478339,11.155,7.793,28.474,1,109206,SG,20241130T201920600000
636,3035.158,39.4962523,-106.147823,11.209,9.138,27.872,1,109206,SG,20241130T201920700000
637,3034.081,39.4962767,-106.1478094,11.143,11.332,27.24,1,109206,SG,20241130T201920800000
638,3032.921,39.4963006,-106.1477946,11.209,12.554,26.668,1,109206,SG,20241130T201920900000
639,3031.759,39.4963242,-106.1477791,11.276,13.285,26.252,1,109206,SG,20241130T201921000000
640,3030.496,39.4963476,-106.1477634,11.491,13.518,26.055,1,109206,SG,20241130T201921100000
641,3029.264,39.4963708,-106.1477461,11.622,14.794,25.779,1,109206,SG,20241130T201921200000
642,3027.967,39.4963935,-106.1477284,11.828,15.208,25.351,1,109206,SG,20241130T201921300000
643,3026.712,39.496416,-106.147709,11.933,16.458,25.112,1,109206,SG,20241130T201921400000
644,3025.469,39.4964381,-106.1476895,12.003,16.749,24.681,1,109206,SG,20241130T201921500000
645,3024.204,39.4964604,-106.1476692,12.096,17.303,24.721,1,109206,SG,20241130T201921600000
646,3022.859,39.4964824,-106.147649,12.304,17.345,24.596,1,109206,SG,20241130T201921700000
647,3021.478,39.4965045,-106.1476293,12.54,16.951,24.666,1,109206,SG,20241130T201921800000
648,3020.043,39.4965267,-106.14761,12.821,16.631,24.758,1,109206,SG,20241130T201921900000
649,3018.679,39.4965498,-106.1475912,12.942,16.127,25.54,1,109206,SG,20241130T201922000000
650,3017.344,39.4965736,-106.147574,12.997,14.963,26.23,1,109206,SG,20241130T201922100000
651,3016.071,39.4965979,-106.1475584,12.944,13.655,26.845,1,109206,SG,20241130T201922200000
652,3014.838,39.4966233,-106.147545,12.841,11.861,27.86,1,109206,SG,20241130T201922300000
653,3013.614,39.4966492,-106.1475333,12.744,10.364,28.545,1,109206,SG,20241130T201922400000
654,3012.532,39.4966767,-106.1475246,12.44,8.157,29.878,1,109206,SG,20241130T201922500000
655,3011.437,39.4967037,-106.1475169,12.206,6.902,29.825,1,109206,SG,20241130T201922600000
656,3010.337,39.4967311,-106.1475108,12.02,5.67,30.156,1,109206,SG,20241130T201922700000
657,3009.339,39.4967593,-106.1475068,11.71,3.914,30.818,1,109206,SG,20241130T201922800000
658,3008.399,39.4967873,-106.1475036,11.359,3.031,30.895,1,109206,SG,20241130T201922900000
659,3007.482,39.4968159,-106.1475024,11.021,1.43,31.441,1,109206,SG,20241130T201923000000
660,3006.635,39.4968447,-106.1475016,10.627,0.944,31.727,1,109206,SG,20241130T201923100000
661,3005.747,39.4968733,-106.147501,10.362,0.616,31.655,1,109206,SG,20241130T201923200000
662,3004.75,39.4969016,-106.1475004,10.294,0.51,31.47,1,109206,SG,20241130T201923300000
663,3003.773,39.4969297,-106.1474991,10.207,1.008,31.209,1,109206,SG,20241130T201923400000
664,3002.737,39.4969578,-106.1474972,10.228,1.597,31.155,1,109206,SG,20241130T201923500000
665,3001.705,39.4969857,-106.1474943,10.234,2.315,31.07,1,109206,SG,20241130T201923600000
666,3000.633,39.4970135,-106.1474904,10.304,3.16,30.892,1,109206,SG,20241130T201923700000
667,2999.57,39.4970414,-106.1474855,10.336,4.036,31.017,1,109206,SG,20241130T201923800000
668,2998.434,39.4970693,-106.1474794,10.473,5.049,30.956,1,109206,SG,20241130T201923900000
669,2997.296,39.4970969,-106.1474723,10.612,6.005,30.722,1,109206,SG,20241130T201924000000
670,2996.181,39.4971243,-106.1474633,10.687,7.464,30.454,1,109206,SG,20241130T201924100000
671,2994.98,39.4971516,-106.1474542,10.883,7.76,30.316,1,109206,SG,20241130T201924200000
672,2993.803,39.4971786,-106.1474437,11.01,8.855,30.094,1,109206,SG,20241130T201924300000
673,2992.616,39.4972054,-106.1474325,11.14,9.537,29.82,1,109206,SG,20241130T201924400000
674,2991.382,39.4972322,-106.1474201,11.327,10.51,29.815,1,109206,SG,20241130T201924500000
675,2990.113,39.4972589,-106.1474071,11.534,11.171,29.68,1,109206,SG,20241130T201924600000
676,2988.814,39.4972856,-106.1473936,11.752,11.564,29.743,1,109206,SG,20241130T201924700000
677,2987.485,39.4973121,-106.1473799,11.979,11.842,29.558,1,109206,SG,20241130T201924800000
678,2986.12,39.4973386,-106.1473659,12.231,11.998,29.555,1,109206,SG,20241130T201924900000
679,2984.749,39.4973651,-106.1473515,12.452,12.371,29.494,1,109206,SG,20241130T201925000000
680,2983.371,39.4973917,-106.1473371,12.652,12.418,29.567,1,109206,SG,20241130T201925100000
681,2982.05,39.4974183,-106.1473227,12.73,12.384,29.616,1,109206,SG,20241130T201925200000
682,2980.751,39.4974454,-106.1473084,12.761,12.372,29.97,1,109206,SG,20241130T201925300000
683,2979.429,39.4974726,-106.1472941,12.825,12.276,30.139,1,109206,SG,20241130T201925400000
684,2978.214,39.4975003,-106.1472804,12.72,11.917,30.511,1,109206,SG,20241130T201925500000
